names,labels
89.jpg,0.5811213254928589
99.jpg,0.207948699593544
98.jpg,0.8963450193405151
9.jpg,0.11572189629077911
95.jpg,0.11583004146814346
94.jpg,0.7514293789863586
96.jpg,0.8946545720100403
97.jpg,0.12496309727430344
93.jpg,0.12020228803157806
92.jpg,0.8449169397354126
90.jpg,0.11888622492551804
91.jpg,0.11846103519201279
